number_of_cycles,max_cycle_length,count,fraction_of_training_set
0,0,10059,0.10292432366062293
1,0,0,0.0
2,0,0,0.0
3,0,0,0.0
4,0,0,0.0
5,0,0,0.0
6,0,0,0.0
7,0,0,0.0
8,0,0,0.0
9,0,0,0.0
10,0,0,0.0
11,0,0,0.0
12,0,0,0.0
13,0,0,0.0
14,0,0,0.0
15,0,0,0.0
16,0,0,0.0
17,0,0,0.0
18,0,0,0.0
19,0,0,0.0
20,0,0,0.0
21,0,0,0.0
22,0,0,0.0
23,0,0,0.0
24,0,0,0.0
25,0,0,0.0
26,0,0,0.0
27,0,0,0.0
28,0,0,0.0
29,0,0,0.0
30,0,0,0.0
31,0,0,0.0
32,0,0,0.0
33,0,0,0.0
34,0,0,0.0
35,0,0,0.0
0,1,0,0.0
1,1,0,0.0
2,1,0,0.0
3,1,0,0.0
4,1,0,0.0
5,1,0,0.0
6,1,0,0.0
7,1,0,0.0
8,1,0,0.0
9,1,0,0.0
10,1,0,0.0
11,1,0,0.0
12,1,0,0.0
13,1,0,0.0
14,1,0,0.0
15,1,0,0.0
16,1,0,0.0
17,1,0,0.0
18,1,0,0.0
19,1,0,0.0
20,1,0,0.0
21,1,0,0.0
22,1,0,0.0
23,1,0,0.0
24,1,0,0.0
25,1,0,0.0
26,1,0,0.0
27,1,0,0.0
28,1,0,0.0
29,1,0,0.0
30,1,0,0.0
31,1,0,0.0
32,1,0,0.0
33,1,0,0.0
34,1,0,0.0
35,1,0,0.0
0,2,0,0.0
1,2,0,0.0
2,2,0,0.0
3,2,0,0.0
4,2,0,0.0
5,2,0,0.0
6,2,0,0.0
7,2,0,0.0
8,2,0,0.0
9,2,0,0.0
10,2,0,0.0
11,2,0,0.0
12,2,0,0.0
13,2,0,0.0
14,2,0,0.0
15,2,0,0.0
16,2,0,0.0
17,2,0,0.0
18,2,0,0.0
19,2,0,0.0
20,2,0,0.0
21,2,0,0.0
22,2,0,0.0
23,2,0,0.0
24,2,0,0.0
25,2,0,0.0
26,2,0,0.0
27,2,0,0.0
28,2,0,0.0
29,2,0,0.0
30,2,0,0.0
31,2,0,0.0
32,2,0,0.0
33,2,0,0.0
34,2,0,0.0
35,2,0,0.0
0,3,0,0.0
1,3,8823,0.09027749355380019
2,3,1377,0.014089551017067081
3,3,26,0.0002660336430237793
4,3,0,0.0
5,3,0,0.0
6,3,0,0.0
7,3,0,0.0
8,3,0,0.0
9,3,0,0.0
10,3,0,0.0
11,3,0,0.0
12,3,0,0.0
13,3,0,0.0
14,3,0,0.0
15,3,0,0.0
16,3,0,0.0
17,3,0,0.0
18,3,0,0.0
19,3,0,0.0
20,3,0,0.0
21,3,0,0.0
22,3,0,0.0
23,3,0,0.0
24,3,0,0.0
25,3,0,0.0
26,3,0,0.0
27,3,0,0.0
28,3,0,0.0
29,3,0,0.0
30,3,0,0.0
31,3,0,0.0
32,3,0,0.0
33,3,0,0.0
34,3,0,0.0
35,3,0,0.0
0,4,0,0.0
1,4,5869,0.06005197888102157
2,4,2617,0.02677730937666271
3,4,1467,0.015010436704457087
4,4,335,0.003427741169729464
5,4,13,0.00013301682151188964
6,4,339,0.003468669422502353
7,4,108,0.0011050628248680063
8,4,1,1.0232063193222281e-05
9,4,2,2.0464126386444563e-05
10,4,0,0.0
11,4,0,0.0
12,4,1,1.0232063193222281e-05
13,4,0,0.0
14,4,0,0.0
15,4,0,0.0
16,4,0,0.0
17,4,0,0.0
18,4,0,0.0
19,4,0,0.0
20,4,0,0.0
21,4,0,0.0
22,4,0,0.0
23,4,0,0.0
24,4,0,0.0
25,4,0,0.0
26,4,0,0.0
27,4,0,0.0
28,4,0,0.0
29,4,0,0.0
30,4,0,0.0
31,4,0,0.0
32,4,0,0.0
33,4,0,0.0
34,4,0,0.0
35,4,0,0.0
0,5,0,0.0
1,5,14796,0.15139360700691687
2,5,2682,0.027442393484222158
3,5,7335,0.07505218352228543
4,5,1501,0.015358326853026644
5,5,14,0.00014324888470511194
6,5,19,0.00019440920067122333
7,5,5,5.116031596611141e-05
8,5,0,0.0
9,5,0,0.0
10,5,0,0.0
11,5,0,0.0
12,5,0,0.0
13,5,0,0.0
14,5,0,0.0
15,5,0,0.0
16,5,0,0.0
17,5,0,0.0
18,5,0,0.0
19,5,0,0.0
20,5,0,0.0
21,5,0,0.0
22,5,0,0.0
23,5,0,0.0
24,5,0,0.0
25,5,0,0.0
26,5,0,0.0
27,5,0,0.0
28,5,0,0.0
29,5,0,0.0
30,5,0,0.0
31,5,0,0.0
32,5,0,0.0
33,5,0,0.0
34,5,0,0.0
35,5,0,0.0
0,6,0,0.0
1,6,7096,0.0726067204191053
2,6,407,0.004164449719641469
3,6,7297,0.07466336512094299
4,6,660,0.006753161707526705
5,6,0,0.0
6,6,1421,0.014539761797568862
7,6,2510,0.025682478614987927
8,6,242,0.002476159292759792
9,6,0,0.0
10,6,35,0.00035812221176277984
11,6,0,0.0
12,6,197,0.0020157164490647896
13,6,29,0.0002967298326034462
14,6,189,0.0019338599435190112
15,6,7,7.162444235255597e-05
16,6,0,0.0
17,6,0,0.0
18,6,0,0.0
19,6,0,0.0
20,6,0,0.0
21,6,0,0.0
22,6,0,0.0
23,6,0,0.0
24,6,0,0.0
25,6,0,0.0
26,6,0,0.0
27,6,0,0.0
28,6,0,0.0
29,6,0,0.0
30,6,0,0.0
31,6,0,0.0
32,6,0,0.0
33,6,0,0.0
34,6,0,0.0
35,6,0,0.0
0,7,0,0.0
1,7,1442,0.01475463512462653
2,7,48,0.0004911390332746695
3,7,4075,0.041695657512380795
4,7,152,0.0015552736053697867
5,7,0,0.0
6,7,2010,0.020566447018376784
7,7,2525,0.02583595956288626
8,7,79,0.0008083329922645603
9,7,0,0.0
10,7,60,0.0006139237915933368
11,7,0,0.0
12,7,121,0.001238079646379896
13,7,114,0.00116645520402734
14,7,550,0.005627634756272254
15,7,17,0.00017394507428477877
16,7,0,0.0
17,7,0,0.0
18,7,0,0.0
19,7,0,0.0
20,7,29,0.0002967298326034462
21,7,0,0.0
22,7,0,0.0
23,7,0,0.0
24,7,0,0.0
25,7,0,0.0
26,7,0,0.0
27,7,0,0.0
28,7,0,0.0
29,7,0,0.0
30,7,0,0.0
31,7,0,0.0
32,7,0,0.0
33,7,0,0.0
34,7,0,0.0
35,7,0,0.0
0,8,0,0.0
1,8,223,0.002281750092088569
2,8,0,0.0
3,8,3021,0.03091106290672451
4,8,0,0.0
5,8,0,0.0
6,8,1282,0.013117505013710964
7,8,1106,0.011316661891703843
8,8,0,0.0
9,8,0,0.0
10,8,108,0.0011050628248680063
11,8,0,0.0
12,8,193,0.0019747881962919
13,8,70,0.0007162444235255597
14,8,643,0.0065792166332419265
15,8,10,0.00010232063193222281
16,8,0,0.0
17,8,0,0.0
18,8,0,0.0
19,8,37,0.0003785863381492244
20,8,25,0.00025580157983055705
21,8,0,0.0
22,8,5,5.116031596611141e-05
23,8,0,0.0
24,8,4,4.0928252772889126e-05
25,8,1,1.0232063193222281e-05
26,8,28,0.0002864977694102239
27,8,0,0.0
28,8,6,6.139237915933369e-05
29,8,4,4.0928252772889126e-05
30,8,0,0.0
31,8,0,0.0
32,8,0,0.0
33,8,0,0.0
34,8,0,0.0
35,8,3,3.0696189579666844e-05
0,9,0,0.0
1,9,75,0.0007674047394916711
2,9,0,0.0
3,9,727,0.007438709941472599
4,9,0,0.0
5,9,0,0.0
6,9,650,0.006650841075594483
7,9,227,0.002322678344861458
8,9,0,0.0
9,9,0,0.0
10,9,8,8.185650554577825e-05
11,9,9,9.208856873900053e-05
12,9,256,0.002619408177464904
13,9,2,2.0464126386444563e-05
14,9,169,0.0017292186796545655
15,9,0,0.0
16,9,0,0.0
17,9,0,0.0
18,9,0,0.0
19,9,32,0.000327426022183113
20,9,0,0.0
21,9,0,0.0
22,9,41,0.00041951459092211355
23,9,14,0.00014324888470511194
24,9,0,0.0
25,9,6,6.139237915933369e-05
26,9,39,0.00039905046453566896
27,9,0,0.0
28,9,7,7.162444235255597e-05
29,9,0,0.0
30,9,0,0.0
31,9,0,0.0
32,9,0,0.0
33,9,0,0.0
34,9,0,0.0
35,9,0,0.0
